Iter,Mode,Cycles,DRAM_Acc,SRAM_Acc,NoC_Lat,NoC_Pwr
1,baseline,451584,589824,294912,8000.0,69.3363337608232
1,atomic,232064,596736,16708608,8000.0,69.55079141670434
2,baseline,0,0,0,0,0
2,atomic,0,0,0,0,0
